26.40,13.20,8.82,18.30,58.80,6.61,17.00,414.00,17.00,44.90,40.00
35.90,16.50,12.30,16.80,8.13,18.60,32.50,352.00,3.37,16.50,61.50
59.40,44.10,14.60,10.20,13.00,14.90,32.50,403.00,11.40,31.90,19.50
73.00,82.80,23.10,13.50,1.29,5.83,11.80,528.00,13.70,28.60,23.10
33.70,19.80,5.19,9.73,24.80,21.10,46.10,305.00,4.66,25.70,81.30
18.80,3.75,17.60,22.10,10.90,11.90,25.70,610.00,13.70,49.10,57.80
44.90,36.50,10.40,132.00,16.30,8.66,17.90,835.00,15.00,35.90,18.10
47.40,15.00,14.60,30.50,17.50,20.20,45.30,466.00,6.44,24.40,20.00
104.00,61.50,10.60,21.10,41.80,11.50,23.50,445.00,29.20,61.00,25.30
21.10,21.50,1.88,205.00,43.70,13.20,135.00,213.00,14.60,26.70,101.00
16.40,16.40,14.50,17.00,11.20,21.90,34.60,449.00,20.40,44.90,24.10
74.30,22.90,7.50,15.50,26.20,20.90,36.50,389.00,31.90,71.00,35.50
85.10,39.60,8.90,64.90,11.70,6.67,12.20,528.00,17.90,44.10,118.00
36.80,29.20,5.00,9.06,15.50,17.90,17.90,400.00,14.60,41.40,151.00
29.20,24.10,10.20,16.00,46.60,8.82,7.23,500.00,9.73,19.10,7.91
50.00,13.80,11.90,13.20,11.30,18.10,27.90,392.00,56.20,77.00,1.00
26.20,26.70,21.30,10.90,14.70,9.06,37.90,89.00,40.00,65.50,1.42
39.60,38.20,10.50,92.20,22.70,27.60,31.30,223.00,16.50,30.80,7.64
30.50,19.80,7.50,133.00,15.70,19.10,36.20,319.00,24.10,37.20,17.20
49.10,16.50,13.30,141.00,25.70,31.10,62.10,710.00,14.20,27.40,22.10
38.50,8.90,11.30,85.80,17.90,12.10,35.90,843.00,12.00,28.40,20.90
31.60,17.80,14.50,10.60,4.91,10.20,23.90,276.00,13.80,28.40,12.70
41.00,27.90,1.00,137.00,23.90,30.20,50.00,965.00,1.00,84.30,4.61
70.40,54.20,15.40,24.40,12.90,9.91,27.90,449.00,35.90,93.90,48.30
70.40,42.20,17.60,20.90,10.50,59.40,98.20,1981.00,35.90,46.10,17.80
21.50,1.00,8.28,181.00,43.70,18.80,38.50,644.00,13.60,29.20,7.04
39.20,23.10,18.60,22.10,10.60,17.80,32.20,466.00,10.50,23.30,6.98
69.80,20.40,19.80,18.40,6.26,10.40,25.00,500.00,22.70,48.30,59.40
34.90,22.30,17.20,50.00,23.10,34.30,51.40,308.00,13.20,38.90,196.00
40.70,24.80,13.00,62.60,38.20,5.14,14.70,673.00,28.10,41.80,23.10
45.70,15.70,13.20,21.30,7.50,23.90,49.10,1382.00,19.50,38.50,20.90
43.70,29.20,14.50,17.60,13.10,8.58,12.50,621.00,34.00,67.90,28.10
79.90,80.60,4.41,209.00,19.50,10.50,35.50,422.00,26.90,40.30,15.30
56.70,17.30,21.70,18.10,12.70,9.22,22.90,552.00,38.50,59.90,17.90
58.80,19.50,2.57,41.40,2.21,19.10,33.70,325.00,22.90,31.90,20.70
53.80,12.70,10.90,12.40,30.80,20.20,37.90,403.00,22.50,38.50,20.90
58.30,23.10,18.90,79.10,24.40,36.20,48.70,429.00,14.70,28.90,12.60
160.00,28.10,7.10,115.00,16.10,4.96,12.40,1241.00,2.46,31.30,83.50
45.30,9.39,12.20,53.80,27.60,4.29,27.60,599.00,38.20,80.60,139.00
54.70,28.40,8.35,9.39,20.70,38.50,59.90,898.00,12.70,23.70,13.50
85.10,26.90,25.30,47.80,22.90,13.60,14.20,396.00,4.74,8.98,43.30
109.00,43.70,9.47,343.00,60.40,27.10,42.60,319.00,14.90,37.90,17.80
25.70,15.30,1.00,120.00,23.70,2.69,18.90,10.20,4.96,40.30,221.00
50.50,28.10,27.60,28.90,13.80,14.70,24.80,382.00,15.30,20.00,7.70
69.20,17.80,17.80,62.10,23.10,2.71,13.30,562.00,4.45,20.00,105.00
62.60,19.30,8.51,20.90,39.20,4.49,24.80,474.00,23.50,48.70,22.50
67.90,43.70,11.40,19.30,15.80,17.80,38.50,1433.00,31.90,66.70,40.00
75.00,57.80,4.91,15.40,24.60,21.90,36.20,233.00,21.30,46.10,17.00
50.90,42.20,7.57,122.00,48.30,6.26,36.20,1027.00,12.50,32.80,108.00
79.90,20.40,24.10,22.50,20.00,8.82,24.10,466.00,19.10,34.90,6.15
62.60,21.70,21.90,22.10,3.82,39.20,75.70,1310.00,8.74,22.70,11.70
50.90,25.30,6.38,76.40,17.20,9.06,15.40,673.00,4.66,26.90,173.00
75.00,30.50,13.60,51.40,42.20,25.30,35.50,466.00,20.40,43.70,10.10
59.40,25.30,11.70,20.70,27.90,3.62,12.40,29.70,17.20,32.50,10.50
181.00,37.90,1.00,292.00,49.60,6.38,13.10,573.00,20.90,38.20,17.60
69.80,33.10,12.70,67.30,1.91,4.07,27.10,973.00,85.80,121.00,32.50
57.30,19.10,11.10,42.20,6.61,5.83,13.50,547.00,44.90,80.60,71.70
82.80,30.50,13.90,18.60,6.92,23.50,37.50,418.00,6.55,16.70,95.60
35.50,24.60,15.70,35.50,11.90,21.90,45.70,322.00,6.79,23.30,11.90
80.60,27.90,17.90,42.60,17.30,2.84,20.70,188.00,20.70,33.10,17.50
113.00,45.70,10.80,154.00,58.30,13.10,21.50,337.00,5.47,20.00,9.39
8.90,10.10,10.30,89.00,29.40,181.00,355.00,1731.00,24.10,42.20,20.70
35.20,14.10,7.10,20.20,32.20,12.90,22.50,583.00,37.50,47.40,9.47
24.10,12.30,12.70,62.60,26.70,9.14,16.50,547.00,25.70,59.90,80.60
164.00,33.10,5.78,28.60,13.70,16.30,24.10,319.00,22.50,35.50,12.40
57.80,27.10,15.50,57.30,19.50,25.90,34.60,382.00,3.05,27.10,78.40
90.60,27.40,40.00,97.30,71.00,10.90,18.90,429.00,4.45,42.90,80.60
38.50,12.70,4.37,22.70,23.70,4.22,10.80,578.00,1.86,7.37,3.43
51.40,36.80,12.70,40.30,21.70,12.70,25.90,667.00,2.50,14.90,64.90
26.90,15.10,18.60,20.50,8.43,20.40,38.50,437.00,11.70,24.40,15.40
56.20,21.10,12.70,21.10,57.80,14.10,19.80,474.00,25.90,39.60,75.70
70.40,35.50,18.40,45.70,47.80,18.80,31.60,418.00,10.00,22.30,6.67
58.80,35.20,12.20,16.50,24.10,18.40,33.70,362.00,16.30,19.80,10.40
69.20,35.50,17.30,50.00,19.80,8.51,18.60,151.00,12.00,31.10,27.60
69.80,47.00,25.50,276.00,77.00,32.80,51.40,799.00,19.60,47.80,16.40
105.00,59.90,20.00,19.60,15.10,6.85,23.10,1065.00,1.67,48.30,4.66
62.10,51.90,13.60,30.20,10.60,14.30,37.90,692.00,6.49,25.00,91.40
75.00,33.40,1.00,31.60,1.00,19.80,27.60,505.00,18.60,31.10,7.64
20.40,15.10,7.99,101.00,35.90,9.14,22.90,400.00,11.70,22.70,6.85
47.80,19.60,17.50,33.10,82.00,17.90,35.20,956.00,22.50,43.30,20.00
59.90,53.30,11.80,77.70,12.90,11.10,37.90,1407.00,18.80,29.40,16.80
46.60,27.10,12.40,109.00,21.90,21.50,38.20,207.00,11.00,31.30,12.00
51.90,21.30,49.10,58.80,10.80,58.80,200.00,3051.00,15.30,39.20,15.70
31.90,23.90,15.10,12.70,4.61,6.73,15.00,562.00,1.00,68.50,8.20
93.90,27.40,67.30,138.00,30.80,28.10,46.10,906.00,2.69,6.98,71.00
64.90,23.30,15.30,12.60,9.06,19.60,35.20,806.00,2.37,20.00,7.91
153.00,123.00,12.00,34.60,63.80,8.58,26.20,470.00,1.00,12.00,9.91
16.70,12.40,7.04,235.00,34.90,44.90,64.90,1843.00,23.50,36.20,30.50
71.70,25.50,13.10,12.00,43.30,12.20,31.30,655.00,7.70,16.40,49.10
35.50,23.70,2.89,4.26,12.90,13.00,22.70,470.00,7.77,33.40,16.30
83.50,61.50,13.00,34.60,12.30,3.46,19.50,239.00,2.53,2.69,6.10
31.90,8.82,12.90,154.00,56.70,16.80,16.00,433.00,9.56,48.70,54.20
29.40,20.20,7.70,125.00,27.40,89.00,150.00,799.00,2.71,15.40,49.10
302.00,325.00,17.60,25.70,10.70,29.20,38.20,313.00,10.80,36.50,17.20
40.30,16.50,11.50,505.00,67.30,19.30,29.70,483.00,2.92,15.30,89.00
29.20,15.40,9.73,23.10,71.00,6.38,47.00,557.00,20.00,24.60,7.70
46.10,25.70,12.70,24.40,37.20,16.80,35.90,375.00,5.47,39.20,95.60
52.30,21.50,27.10,155.00,67.90,7.23,23.90,820.00,3.59,25.00,93.10
48.70,36.50,18.60,10.60,13.90,6.10,25.90,1009.00,10.20,22.70,15.30
85.80,82.00,120.00,325.00,79.10,6.61,10.90,723.00,12.10,21.90,5.42
75.70,25.90,21.50,64.40,45.30,8.28,28.40,583.00,15.70,36.80,13.70
58.30,21.90,14.90,18.40,30.20,5.47,17.20,982.00,16.30,21.50,15.50
58.80,34.90,13.30,82.80,38.20,22.50,27.90,379.00,6.55,18.40,48.70
112.00,27.60,28.40,67.90,30.50,10.80,16.70,403.00,17.80,29.70,7.77
66.70,29.20,2.39,10.90,32.20,22.90,32.20,379.00,14.30,30.80,17.60
39.60,23.90,6.61,137.00,20.40,22.70,38.20,313.00,16.10,20.00,10.50
36.50,15.50,2.55,8.35,40.00,15.80,34.60,281.00,21.30,28.60,13.90
38.20,25.70,32.20,59.40,138.00,24.10,36.50,331.00,38.50,67.90,16.30
41.80,21.30,9.39,7.91,32.50,13.30,61.00,858.00,2.81,17.30,64.40
62.10,18.10,24.80,113.00,25.50,17.00,34.60,604.00,4.26,13.50,72.30
167.00,79.10,9.65,111.00,20.20,28.40,89.00,1472.00,20.40,29.20,12.90
55.70,28.60,25.90,51.90,64.90,7.50,17.60,271.00,2.21,4.45,9.73
84.30,71.70,12.90,93.10,36.50,8.90,17.80,906.00,9.06,25.00,42.20
60.40,25.30,19.10,27.40,44.50,44.50,64.90,1197.00,20.90,49.60,17.50
57.30,21.90,38.20,38.50,81.30,5.83,12.90,274.00,16.00,21.50,14.90
76.40,32.80,30.00,60.40,49.60,5.47,14.30,87.40,11.10,27.40,7.43
96.50,119.00,15.50,71.00,13.90,19.50,32.20,500.00,50.90,75.00,26.90
38.50,17.80,32.20,115.00,61.00,10.60,21.30,965.00,5.00,20.40,34.90
66.10,46.60,7.70,19.60,75.70,15.70,17.80,519.00,12.00,13.80,14.90
112.00,79.10,7.37,15.00,35.90,10.60,32.20,382.00,14.90,31.10,12.00
47.00,22.30,12.20,73.00,24.10,3.49,11.40,340.00,5.62,13.90,93.90
87.40,54.70,19.60,8.58,24.80,15.80,33.10,757.00,24.60,40.70,25.00
57.80,19.10,22.90,19.10,11.30,18.80,57.30,743.00,8.66,8.35,24.40
92.20,31.10,18.90,22.30,34.30,13.60,29.40,385.00,7.23,17.60,7.99
93.10,28.90,9.56,11.40,23.10,20.40,24.80,319.00,4.14,20.20,122.00
107.00,36.80,16.00,38.90,29.20,18.80,28.10,276.00,1.83,25.50,97.30
80.60,56.70,16.10,27.60,4.03,5.28,5.88,491.00,3.52,5.57,24.40
44.90,25.30,1.00,158.00,12.30,14.20,26.20,514.00,6.55,16.10,33.70
27.40,18.80,9.65,13.20,9.73,18.60,54.70,286.00,1.88,19.80,88.20
31.60,25.70,24.60,35.20,25.70,14.10,25.70,284.00,20.40,28.40,48.30
52.30,33.40,8.13,25.50,5.73,30.50,42.90,305.00,34.90,68.50,20.40
71.70,27.40,8.82,18.30,23.10,14.10,27.40,649.00,3.82,20.20,53.80
44.50,26.90,15.50,87.40,12.50,4.53,16.00,379.00,3.68,32.50,77.00
74.30,27.40,16.40,22.70,2.00,6.26,15.10,457.00,13.60,24.60,6.55
44.10,20.20,13.90,17.80,39.20,22.30,30.20,487.00,30.50,40.00,23.70
42.90,22.90,17.30,17.80,21.90,13.10,36.80,710.00,12.60,24.40,65.50
79.10,26.40,1.19,3.96,41.40,8.06,20.40,509.00,3.68,16.00,63.20
89.00,30.00,44.90,47.00,7.37,52.80,97.30,2288.00,69.80,94.70,8.28
63.20,27.40,14.50,80.60,41.00,15.10,38.20,453.00,13.60,32.80,13.10
27.90,20.70,25.30,70.40,42.20,6.98,21.30,313.00,24.80,44.50,23.10
69.80,22.90,19.30,17.50,9.73,20.70,28.10,255.00,13.00,25.30,9.73
28.90,15.70,22.70,37.90,49.10,13.00,23.50,509.00,22.10,53.80,35.90
102.00,30.80,7.17,82.00,49.10,20.20,25.00,343.00,3.96,26.90,87.40
59.40,25.30,14.90,61.50,26.20,22.50,36.50,239.00,2.74,14.50,77.70
89.80,31.30,18.80,22.50,8.74,25.00,37.50,426.00,29.70,60.40,24.10
200.00,33.10,19.50,56.20,16.10,21.70,35.50,305.00,4.26,14.20,95.60
62.10,18.10,14.90,149.00,62.10,4.49,20.70,698.00,44.10,125.00,57.30
46.10,23.70,17.90,276.00,41.40,15.00,19.50,334.00,16.70,31.60,11.80
149.00,85.10,8.43,7.99,17.80,29.20,69.20,1208.00,26.40,46.60,30.00
8.90,15.50,7.91,153.00,16.00,40.30,61.50,1582.00,12.20,25.70,12.00
109.00,40.00,9.82,24.40,73.00,12.30,23.10,487.00,17.90,30.80,15.10
71.70,42.90,31.10,23.90,10.50,8.13,34.90,2571.00,1.00,33.40,1.01
68.50,24.40,16.30,47.80,13.90,5.94,17.20,649.00,18.60,38.50,17.80
79.90,44.10,4.45,89.80,28.10,39.20,82.80,632.00,20.40,51.40,35.90
85.10,34.90,1.00,325.00,23.50,44.10,86.60,799.00,23.90,41.80,16.70
196.00,163.00,3.85,311.00,59.90,22.90,25.30,470.00,2.15,6.61,2.81
38.50,17.30,25.70,26.40,10.90,29.40,42.60,322.00,23.30,37.50,19.30
64.40,50.90,12.70,12.40,3.11,22.50,30.00,573.00,25.00,54.70,20.90
97.30,22.70,17.50,101.00,31.30,19.60,25.30,352.00,13.90,36.20,9.82
79.10,28.40,7.30,6.73,66.70,27.40,53.30,1655.00,40.00,66.10,20.40
106.00,24.80,1.35,61.00,16.10,70.40,108.00,1018.00,15.40,31.90,14.20
76.40,30.80,8.51,141.00,12.10,19.30,34.00,297.00,6.15,29.40,118.00
108.00,30.80,21.50,41.00,30.80,6.61,27.40,1094.00,11.50,30.20,67.30
53.30,34.60,18.30,41.00,56.20,3.79,30.80,965.00,3.43,16.40,70.40
27.90,19.30,24.40,106.00,23.70,14.70,21.30,519.00,14.90,36.20,16.50
69.80,26.20,21.90,20.40,17.00,18.90,45.30,533.00,2.41,9.47,74.30
7.23,5.88,17.80,119.00,14.10,8.82,23.70,445.00,3.00,18.10,66.70
49.10,18.80,14.90,29.40,15.00,17.60,28.10,470.00,1.88,21.90,59.40
42.60,15.70,53.30,62.60,16.50,3.79,10.30,552.00,6.98,44.90,271.00
16.50,22.90,9.22,10.90,46.10,3.59,13.60,874.00,12.50,28.10,2.89
101.00,61.00,17.90,13.00,27.90,7.99,11.10,215.00,5.14,11.40,58.80
59.90,21.90,11.50,17.20,13.30,8.82,24.80,965.00,9.22,44.90,3.85
102.00,46.10,11.30,104.00,13.30,36.80,65.50,914.00,13.70,33.40,11.00
142.00,101.00,26.90,422.00,101.00,11.30,19.50,649.00,8.43,29.20,138.00
61.50,17.20,17.80,10.10,16.70,14.90,33.10,542.00,11.10,20.90,154.00
54.70,20.40,15.50,35.20,32.50,11.70,18.10,599.00,1.63,17.50,67.90
50.50,19.50,4.78,13.60,24.80,11.70,28.90,509.00,18.30,39.60,23.30
34.00,13.30,26.70,38.20,98.20,34.00,59.40,704.00,32.80,63.20,50.90
48.70,19.50,32.80,43.70,44.90,8.58,24.40,466.00,1.60,20.40,64.90
70.40,25.30,12.30,145.00,21.10,4.53,24.60,255.00,4.83,18.80,51.90
45.70,19.10,6.32,94.70,17.20,8.43,16.00,244.00,3.08,23.50,93.90
78.40,33.10,25.30,27.40,46.60,66.70,164.00,3220.00,17.80,29.70,18.30
17.60,11.40,32.50,94.70,117.00,23.70,36.50,355.00,9.82,23.10,18.90
29.40,26.40,15.10,21.50,8.13,15.40,71.70,610.00,2.07,22.10,57.30
63.80,21.10,7.64,38.20,50.00,4.41,13.90,461.00,20.50,31.30,13.20
227.00,155.00,28.60,32.80,22.30,10.80,10.10,362.00,19.60,39.20,12.10
64.40,29.70,13.70,33.40,8.58,7.70,23.10,1252.00,12.60,25.30,1.11
57.80,15.30,19.50,71.00,31.60,14.30,17.90,505.00,18.90,38.90,33.10
75.00,23.70,13.50,178.00,31.60,21.50,33.10,255.00,28.10,43.70,12.50
48.70,25.00,52.30,109.00,16.30,6.85,17.80,445.00,3.85,16.00,63.80
61.00,53.30,27.40,32.50,3.72,9.56,25.70,1346.00,1.42,19.60,79.90
96.50,46.10,16.10,15.50,31.60,3.85,22.30,5.57,6.15,32.50,73.00
54.70,26.20,12.50,93.90,14.90,11.50,18.60,474.00,16.40,24.10,7.30
118.00,39.20,66.10,75.00,14.10,4.33,11.10,562.00,18.30,36.50,13.30
96.50,56.20,29.70,39.20,16.10,12.20,37.90,1000.00,17.30,47.00,23.10
89.00,52.80,24.40,18.90,3.85,23.10,42.90,710.00,21.10,37.90,18.60
25.30,38.50,21.50,48.30,75.00,19.10,33.70,308.00,89.00,138.00,46.60
96.50,46.10,20.90,51.40,14.50,53.30,118.00,882.00,3.34,12.90,30.50
62.60,34.90,18.10,133.00,30.00,21.50,24.10,403.00,9.56,21.30,13.60
18.30,20.00,47.40,75.70,63.20,13.30,19.30,400.00,19.30,31.90,29.40
65.50,32.50,12.90,17.00,12.70,18.80,31.10,334.00,5.88,33.10,138.00
85.10,41.00,14.90,32.20,27.40,38.50,47.00,777.00,6.38,23.10,56.20
79.90,25.00,36.50,26.20,42.60,4.91,9.91,385.00,5.42,25.90,98.20
42.20,20.20,8.20,26.90,23.90,19.10,40.30,422.00,22.90,32.50,24.40
61.00,19.10,10.20,68.50,28.60,10.90,6.55,267.00,20.50,43.70,21.90
17.50,10.90,6.10,155.00,21.30,17.20,26.40,389.00,17.30,47.00,23.70
36.50,22.30,33.40,63.80,126.00,9.73,19.80,552.00,20.90,34.60,15.40
14.60,14.90,21.70,167.00,31.30,19.10,32.80,286.00,5.19,15.50,108.00
17.30,24.40,25.70,26.90,8.58,21.50,36.20,284.00,17.00,35.20,14.90
63.20,10.90,65.50,127.00,29.70,26.90,53.80,337.00,25.90,38.90,20.50
35.20,16.00,12.50,157.00,48.30,15.50,117.00,1499.00,28.90,46.10,10.70
57.30,27.60,14.50,173.00,37.20,5.57,12.40,604.00,15.80,37.20,18.80
24.40,15.50,15.00,114.00,15.80,16.70,30.00,1000.00,13.60,20.50,17.30
69.80,40.70,14.60,135.00,27.90,29.20,42.90,385.00,14.30,24.10,9.06
74.30,35.90,44.90,53.80,75.00,10.60,33.10,1382.00,10.60,28.90,4.26
101.00,35.50,16.50,88.20,16.80,49.60,72.30,730.00,17.20,32.50,17.90
41.40,17.20,22.10,21.10,12.70,23.90,34.30,379.00,1.00,13.20,8.66
82.00,66.10,11.40,17.20,32.80,5.28,12.30,158.00,25.70,63.20,31.90
86.60,38.20,18.80,10.30,2.48,19.50,31.30,382.00,18.80,30.50,3.49
14.10,7.23,20.70,155.00,13.50,17.30,86.60,195.00,20.50,38.20,15.80
89.80,52.30,2.81,14.50,49.10,38.20,83.50,750.00,25.50,41.00,15.00
97.30,41.40,27.60,178.00,48.30,11.30,27.10,528.00,3.82,14.60,68.50
26.90,13.70,11.00,34.90,35.50,17.50,39.20,505.00,13.90,30.20,10.20
89.00,21.30,13.70,20.70,15.50,3.31,13.70,407.00,1.78,1.53,55.20
66.10,23.90,17.60,12.60,20.00,21.70,35.90,269.00,24.40,36.50,11.30
129.00,53.30,25.30,382.00,87.40,7.64,8.13,305.00,6.49,40.30,87.40
39.20,19.30,37.50,85.80,46.10,7.23,12.10,599.00,21.90,47.00,17.80
25.00,18.60,4.03,12.00,36.20,29.70,41.00,346.00,5.78,11.90,26.40
45.70,19.30,7.17,98.20,29.70,5.33,22.90,365.00,23.30,40.00,21.10
62.10,20.50,25.00,57.30,12.10,14.90,21.50,422.00,1.00,89.00,1.57
71.00,32.50,20.20,83.50,131.00,4.83,20.50,25.30,23.90,37.50,17.80
50.00,31.60,6.67,11.30,14.90,14.70,113.00,181.00,17.50,28.60,9.22
102.00,31.60,4.41,12.90,21.70,8.58,18.30,523.00,10.10,33.40,104.00
63.20,24.60,11.20,16.50,3.11,6.44,17.50,542.00,3.49,9.82,4.53
233.00,66.10,14.50,87.40,20.40,13.30,18.40,359.00,1.00,18.90,58.80
38.90,24.10,18.90,36.80,17.50,42.60,80.60,1075.00,11.80,35.90,11.30
98.20,44.10,6.04,23.10,16.10,12.00,22.70,547.00,22.90,50.50,15.40
38.90,24.60,8.66,6.49,26.20,22.70,26.70,219.00,10.70,39.60,71.70
87.40,29.40,22.50,22.70,13.90,26.20,47.80,311.00,10.80,13.80,9.65
75.70,21.50,1.00,71.70,2.27,6.26,15.50,418.00,14.70,28.90,12.70
79.90,18.90,15.70,80.60,23.70,7.77,15.10,396.00,20.00,32.80,18.60
52.80,19.50,19.30,54.70,47.40,43.70,57.30,661.00,11.20,38.90,98.20
63.80,17.00,33.70,35.20,12.90,70.40,109.00,1358.00,9.73,25.90,91.40
107.00,44.90,7.99,17.60,45.70,7.84,21.10,500.00,4.53,12.40,69.80
59.40,18.40,17.00,76.40,16.30,31.10,59.40,667.00,18.40,51.90,18.40
106.00,74.30,48.70,61.50,24.80,16.00,36.20,542.00,7.70,27.90,167.00
71.00,40.70,11.70,16.80,14.50,7.99,16.70,655.00,24.80,43.30,14.30
21.50,13.10,23.70,24.40,17.00,4.29,11.10,392.00,12.30,27.90,29.20
149.00,51.40,33.70,120.00,31.60,29.40,54.20,1762.00,19.10,26.70,8.90
25.90,12.30,17.80,112.00,18.10,17.90,36.50,346.00,5.00,21.10,57.30
64.40,48.30,12.30,30.00,35.20,13.30,34.90,349.00,13.70,31.10,16.10
36.20,11.30,15.50,16.40,37.90,15.30,22.90,414.00,4.14,10.40,68.50
51.90,26.70,12.90,44.50,4.49,30.20,50.00,302.00,17.90,22.30,10.30
21.70,7.57,9.65,308.00,38.20,11.80,29.40,355.00,8.13,17.20,89.80
93.90,35.90,17.60,14.30,13.00,23.50,40.00,300.00,13.20,24.60,13.00
56.70,20.50,13.60,88.20,30.00,24.40,32.50,414.00,25.30,41.40,16.40
66.10,16.10,11.00,75.00,14.30,13.20,29.20,466.00,24.80,49.60,29.20
27.60,17.00,11.20,99.10,50.00,29.70,50.50,1346.00,25.30,52.80,13.20
49.10,33.40,21.70,19.80,10.10,25.30,39.20,400.00,25.70,33.70,20.90
157.00,51.90,12.30,21.70,45.30,5.99,45.30,49.10,7.77,10.30,41.00
124.00,33.40,13.50,16.30,17.50,16.10,25.00,466.00,9.47,24.10,262.00
37.90,16.40,34.60,39.20,6.85,2.53,13.90,239.00,4.07,58.80,89.00
45.30,25.50,22.10,15.10,13.30,12.30,22.90,474.00,2.05,23.50,106.00
163.00,86.60,33.10,53.80,15.40,40.30,53.30,316.00,18.90,38.50,13.20
62.60,33.70,8.58,37.20,44.90,5.00,4.29,400.00,24.60,45.30,28.60
26.40,15.30,43.70,43.70,13.30,6.04,21.90,1037.00,30.80,61.00,14.20
52.30,29.70,13.30,85.10,88.20,11.90,32.20,1446.00,19.50,43.70,20.70
81.30,24.80,21.50,25.00,4.53,181.00,248.00,621.00,15.30,34.00,22.10
95.60,38.20,5.00,281.00,64.40,26.40,45.30,496.00,26.20,48.70,10.40
79.90,29.40,5.05,117.00,17.30,30.00,71.00,828.00,8.82,22.10,12.60
17.30,14.60,15.10,121.00,30.80,10.40,14.70,717.00,16.00,26.40,8.35
51.40,37.90,42.60,73.70,36.20,15.50,35.50,1219.00,1.98,17.60,77.00
38.50,7.30,3.13,17.00,17.50,29.40,41.80,470.00,27.40,42.90,16.00
52.80,53.30,3.65,13.60,42.60,36.80,62.60,1000.00,12.40,23.50,23.70
91.40,40.30,17.00,38.20,1.49,10.50,27.10,1009.00,29.70,50.00,33.40
37.90,14.20,13.30,32.80,12.10,17.90,42.90,487.00,2.11,24.80,66.70
55.20,18.80,7.50,32.50,13.60,55.70,97.30,2618.00,10.10,30.80,58.30
44.50,24.80,15.50,178.00,45.30,21.10,57.30,982.00,1.00,58.30,8.43
70.40,30.00,20.40,17.30,13.70,19.10,36.80,349.00,17.00,53.30,22.30
47.40,30.50,19.80,21.70,31.60,33.10,87.40,400.00,3.89,36.80,96.50
63.80,21.70,22.70,184.00,36.20,20.50,26.20,359.00,3.96,19.80,80.60
23.50,42.90,12.10,29.20,27.40,1.50,8.51,154.00,20.70,36.20,13.50
5.23,15.10,22.10,93.90,7.70,133.00,297.00,1094.00,9.39,19.60,4.14
14.50,15.40,1.00,117.00,3.49,16.00,29.40,457.00,20.40,48.30,16.00
36.80,9.47,12.20,12.60,15.80,20.00,30.00,271.00,12.10,26.20,85.80
97.30,25.30,17.60,12.90,17.30,6.98,9.22,352.00,12.60,23.30,20.90
16.30,12.10,67.30,149.00,39.60,43.30,64.40,1027.00,9.56,15.40,67.30
44.50,31.30,33.10,184.00,58.80,32.50,43.30,286.00,1.00,59.40,3.68
67.90,53.30,17.50,97.30,37.50,22.10,36.80,331.00,5.42,15.10,94.70
59.40,28.10,18.90,81.30,18.10,79.90,165.00,2129.00,8.58,17.00,7.57
25.90,17.20,21.50,24.10,36.80,15.30,32.20,313.00,9.91,18.80,9.22
40.00,32.80,11.30,98.20,19.50,40.00,75.70,365.00,19.30,33.70,14.70
60.40,24.80,17.00,337.00,60.40,12.70,25.00,496.00,9.91,20.50,9.56
50.50,24.60,17.00,136.00,30.00,57.80,91.40,1526.00,1.54,23.30,59.90
31.10,18.80,6.15,191.00,13.00,10.60,21.90,466.00,13.70,26.70,15.00
11.20,17.90,17.50,15.10,29.20,12.70,19.30,331.00,18.80,24.80,10.90
39.20,28.40,23.10,14.20,24.40,92.20,235.00,1670.00,8.06,19.30,18.40
72.30,27.10,18.40,37.20,25.70,7.30,23.30,1075.00,7.04,21.30,35.50
62.10,16.10,25.00,379.00,78.40,31.30,50.00,343.00,14.10,20.20,9.65
12.70,12.90,30.50,32.80,19.60,3.37,14.10,385.00,31.90,59.40,28.10
49.60,17.90,7.50,11.10,3.02,67.30,129.00,737.00,17.00,31.60,7.77
62.60,22.70,13.10,125.00,10.30,5.73,22.50,418.00,17.30,32.50,12.40
10.80,5.33,23.90,49.10,12.90,11.00,22.90,483.00,2.35,21.10,85.80
74.30,26.40,13.50,36.50,50.00,4.26,17.20,70.40,3.00,14.70,92.20
73.00,21.70,6.79,213.00,23.50,16.50,19.10,429.00,1.67,44.90,3.00
10.90,6.38,16.70,145.00,33.40,8.58,11.00,305.00,1.60,13.80,62.60
55.20,18.90,11.00,123.00,11.90,11.50,23.90,422.00,11.20,25.30,14.20
56.70,13.90,18.40,13.50,15.50,5.67,30.20,538.00,17.90,39.60,14.60
97.30,61.50,11.80,165.00,34.60,24.60,31.90,433.00,19.50,35.20,21.50
45.30,19.50,19.30,47.00,85.80,3.55,30.00,1124.00,17.50,44.50,157.00
45.30,16.50,17.00,89.80,47.00,19.50,46.10,407.00,11.10,27.60,122.00
248.00,271.00,17.80,34.00,38.90,21.50,38.50,449.00,2.59,35.50,3.75
58.30,34.00,19.80,164.00,35.90,20.50,33.40,313.00,14.10,32.20,13.90
112.00,46.10,10.80,133.00,9.22,4.10,10.80,552.00,26.90,53.80,25.90
16.00,15.00,17.90,153.00,35.20,12.90,35.50,457.00,11.20,25.70,1.19
67.30,31.60,26.70,13.50,17.20,31.10,50.50,294.00,16.10,35.90,1.00
39.20,15.80,16.50,22.90,17.30,11.00,28.90,311.00,3.75,7.91,8.35
68.50,24.40,20.70,63.80,26.20,27.10,33.10,392.00,2.97,13.60,57.80
59.90,40.00,6.44,196.00,25.90,95.60,143.00,1700.00,16.80,47.40,16.70
88.20,67.30,36.50,58.80,119.00,12.70,36.20,429.00,38.20,136.00,55.70
13.10,11.20,42.20,154.00,64.40,21.10,34.90,239.00,5.38,17.20,73.70
99.10,50.50,14.60,76.40,30.00,3.92,12.00,343.00,13.60,29.40,12.00
53.30,18.60,22.70,55.70,21.10,17.60,17.20,449.00,29.20,44.10,21.90
137.00,50.00,8.28,29.20,14.50,6.98,17.90,281.00,4.18,23.50,123.00
44.50,19.80,19.80,89.80,47.80,3.92,18.90,661.00,4.29,21.70,126.00
255.00,85.80,20.00,73.00,34.90,7.23,17.00,322.00,12.70,21.10,26.20
55.20,25.00,31.30,98.20,35.20,3.00,6.04,27.60,5.57,18.10,7.43
74.30,34.60,13.90,17.20,10.80,9.31,32.50,1286.00,36.50,73.00,33.70
117.00,49.10,1.00,396.00,33.10,12.20,27.90,547.00,2.39,22.10,98.20
44.50,26.40,13.20,69.80,13.00,15.80,19.30,231.00,35.50,54.70,27.40
87.40,54.70,20.50,176.00,33.70,10.30,22.30,426.00,27.10,27.40,1.73
32.20,14.90,13.70,12.90,15.50,9.06,21.50,528.00,9.91,23.30,95.60
37.20,14.50,26.90,17.30,13.20,24.10,31.60,300.00,12.20,34.30,18.40
50.90,24.40,68.50,137.00,50.90,22.70,40.30,496.00,42.60,74.30,200.00
29.40,20.40,35.20,33.10,38.90,26.70,47.00,340.00,32.80,53.80,19.10
48.30,7.43,15.50,110.00,48.70,3.79,17.00,483.00,7.04,31.30,92.20
64.90,34.90,5.94,11.30,26.20,68.50,106.00,615.00,15.10,40.30,26.90
32.80,23.90,23.70,18.80,5.83,33.40,55.20,806.00,15.30,37.20,21.50
26.40,17.00,51.90,47.80,8.20,22.90,37.90,257.00,50.90,71.70,27.90
69.80,34.00,24.10,71.70,17.60,13.20,24.60,264.00,18.10,41.40,23.50
45.70,18.30,8.66,18.40,64.40,10.60,14.90,429.00,16.10,25.90,10.50
131.00,37.20,19.10,97.30,30.20,24.10,29.40,313.00,16.00,19.10,18.40
106.00,38.20,9.14,24.10,32.20,18.30,30.50,685.00,12.10,28.10,19.60
68.50,28.10,16.40,145.00,16.50,10.70,23.70,573.00,4.18,30.80,59.90
59.40,26.70,10.10,83.50,1.64,6.79,21.50,346.00,4.18,23.30,33.70
47.00,17.00,42.20,71.00,44.50,10.80,57.30,538.00,26.90,50.00,15.30
56.70,35.90,9.14,30.80,15.40,37.90,105.00,1625.00,21.70,30.50,19.80
28.40,12.60,21.10,31.30,45.30,36.20,60.40,835.00,4.18,15.80,90.60
35.20,19.10,28.60,66.10,60.40,2.71,21.10,599.00,3.19,14.30,90.60
47.00,24.10,17.80,257.00,75.70,7.77,29.20,956.00,10.80,30.50,11.50
63.20,18.90,20.50,15.40,9.31,21.10,113.00,1104.00,23.70,56.20,13.30
62.60,21.10,6.04,209.00,24.80,5.05,18.40,583.00,2.79,12.40,8.28
14.20,11.70,24.80,38.90,63.20,6.10,14.20,355.00,10.70,30.20,10.60
53.80,20.70,16.40,15.30,1.43,12.10,18.40,509.00,9.65,53.30,217.00
68.50,27.60,17.50,82.00,18.60,6.85,24.10,359.00,1.10,61.50,14.10
119.00,64.40,10.50,53.80,28.60,8.66,33.40,2480.00,2.97,31.90,78.40
41.80,11.10,14.90,18.60,66.70,6.79,34.00,698.00,13.30,22.30,11.10
44.90,21.70,15.00,48.70,42.90,2.59,20.90,414.00,13.90,27.40,9.91
72.30,38.90,1.00,547.00,11.20,3.68,13.70,343.00,15.30,40.00,18.30
53.30,34.60,2.89,1.11,764.00,8.66,12.70,219.00,24.60,63.80,137.00
31.90,18.90,87.40,130.00,31.30,7.57,24.60,523.00,9.47,23.70,16.30
117.00,59.40,10.80,284.00,23.10,21.10,30.50,305.00,7.10,21.10,32.50
45.30,32.80,26.90,137.00,37.50,3.08,11.50,649.00,2.33,31.60,57.30
46.60,30.00,12.90,16.70,14.20,10.10,16.70,262.00,32.50,96.50,25.70
30.50,8.90,163.00,379.00,75.00,13.20,16.50,514.00,19.50,26.40,17.80
41.80,12.00,11.10,28.90,35.90,6.26,22.90,24.40,2.79,15.40,83.50
102.00,38.20,37.50,244.00,73.70,14.90,15.30,466.00,5.28,30.50,122.00
33.10,26.20,23.70,168.00,43.30,115.00,209.00,791.00,20.00,18.10,12.40
44.10,33.40,15.70,21.30,15.50,7.77,19.10,441.00,2.35,17.50,82.80
15.30,14.90,18.90,17.80,14.10,21.90,23.70,294.00,8.28,17.90,10.70
85.80,31.30,9.65,73.70,10.80,5.94,17.90,441.00,22.30,46.60,32.80
32.50,27.10,22.70,22.50,22.50,21.90,33.10,509.00,21.10,33.70,9.22
54.70,19.30,36.20,50.00,28.40,12.10,28.90,294.00,16.10,27.60,15.00
40.00,23.70,14.30,19.80,13.70,1.73,5.67,16.80,23.50,42.60,11.50
36.50,16.50,15.50,32.20,9.47,3.34,5.42,257.00,26.90,47.00,66.10
52.80,50.00,34.30,95.60,71.70,29.40,64.90,453.00,12.30,22.10,21.30
81.30,61.50,20.40,25.90,13.70,40.70,50.00,422.00,11.20,28.40,14.50
13.50,30.00,24.80,255.00,61.50,29.70,44.50,231.00,19.30,35.20,15.10
17.50,29.40,27.40,22.90,24.10,22.50,29.20,422.00,26.90,44.10,4.26
38.20,25.90,45.70,39.60,13.10,20.20,42.60,362.00,3.43,13.00,52.80
104.00,26.20,11.40,11.90,22.10,9.56,15.00,349.00,1.36,31.90,1.00
37.20,12.10,31.30,21.90,10.00,12.00,22.30,372.00,3.34,10.40,75.70
52.30,41.00,25.00,53.80,19.30,9.91,20.00,610.00,1.00,52.80,8.90
80.60,25.50,11.80,96.50,9.65,2.76,18.60,13.30,20.20,40.00,17.00
227.00,42.20,16.30,62.60,11.70,2.39,26.20,562.00,2.27,28.10,20.50
33.40,4.45,17.20,30.00,28.60,28.90,55.70,429.00,27.90,37.50,12.50
31.90,16.00,7.77,24.10,85.80,5.73,7.04,292.00,10.60,30.20,12.10
73.70,25.30,15.40,120.00,12.60,4.78,18.80,445.00,4.74,15.30,114.00
55.20,55.70,9.56,514.00,53.80,7.99,15.30,685.00,14.30,26.70,11.50
37.50,21.90,7.37,23.30,57.80,8.90,14.30,375.00,18.40,46.10,35.20
25.00,16.50,9.31,19.50,3.52,106.00,172.00,1715.00,11.30,22.70,16.70
70.40,33.10,8.20,500.00,93.10,47.80,88.20,1055.00,2.53,12.10,87.40
31.10,20.20,23.90,400.00,110.00,9.14,13.20,567.00,31.30,80.60,106.00
47.40,14.10,9.31,20.40,26.20,6.26,8.28,385.00,14.30,25.30,14.90
86.60,49.10,17.90,4.91,15.30,10.80,17.00,284.00,21.30,37.20,11.20
120.00,45.30,18.60,113.00,25.50,16.50,38.20,1114.00,16.00,31.30,6.55
51.40,37.90,20.00,19.30,25.70,10.50,44.50,764.00,17.50,36.80,14.30
27.60,26.20,18.30,64.90,44.10,21.50,30.80,1155.00,18.10,31.10,8.98
42.20,16.80,16.50,163.00,8.74,12.70,30.50,441.00,9.91,17.60,17.60
32.20,28.40,39.60,25.50,11.50,14.70,24.60,319.00,24.60,44.10,19.80
38.20,24.10,28.10,22.10,30.00,25.50,47.80,1186.00,25.30,53.80,39.20
55.70,26.90,28.60,9.47,50.00,25.00,43.30,437.00,3.85,19.60,38.20
47.40,25.50,15.50,35.50,3.65,14.90,18.40,737.00,4.87,15.40,76.40
40.70,17.20,15.10,15.50,3.62,11.70,21.10,514.00,24.40,50.00,119.00
10.60,14.10,28.40,17.90,12.40,17.60,25.70,365.00,4.57,12.50,40.30
92.20,30.20,16.70,77.00,55.70,7.91,26.90,562.00,2.69,13.30,61.50
33.40,12.70,21.50,48.30,22.90,22.10,29.70,276.00,3.46,11.30,24.40
25.70,7.84,41.40,29.40,25.50,17.60,28.60,331.00,14.50,27.60,13.80
63.20,32.50,22.10,292.00,35.20,4.14,8.28,164.00,13.80,27.60,1.02
65.50,28.90,11.90,104.00,28.60,13.60,21.90,337.00,13.30,33.40,17.50
51.40,59.40,42.20,178.00,66.10,5.78,22.70,514.00,9.82,18.30,4.00
65.50,48.30,17.90,93.10,25.30,9.31,11.90,491.00,2.86,15.70,57.30
13.30,20.70,18.60,147.00,35.50,69.20,110.00,1275.00,5.73,16.50,16.80
114.00,39.60,14.10,75.00,33.10,6.73,23.30,737.00,13.30,35.20,12.70
141.00,65.50,46.60,276.00,112.00,40.00,56.20,743.00,15.00,26.70,20.70
43.70,19.30,23.70,34.60,19.80,20.00,35.90,610.00,1.35,93.10,8.35
3.82,14.60,15.80,8.90,10.30,12.60,26.90,308.00,46.60,77.70,44.90
93.10,80.60,21.30,17.20,18.40,28.60,43.30,311.00,8.20,18.40,5.28
50.00,28.10,22.30,28.60,19.30,9.73,39.20,1472.00,29.70,59.90,22.70
89.80,17.00,20.90,85.80,29.70,1.00,3.16,248.00,16.30,28.90,19.60
17.20,15.10,21.30,22.10,20.00,20.90,27.90,379.00,12.70,25.90,3.40
43.70,26.70,23.30,78.40,43.70,11.50,12.60,483.00,11.10,31.10,9.06
19.10,15.50,4.37,9.91,22.30,10.80,16.30,491.00,8.51,27.90,16.40
195.00,60.40,32.20,11.40,44.50,4.53,13.30,28.40,15.80,25.90,20.70
88.20,33.70,12.00,56.20,16.70,10.00,16.30,407.00,15.50,38.50,11.10
92.20,37.20,22.30,146.00,19.30,19.10,37.20,325.00,14.10,27.60,16.10
39.60,11.90,19.30,552.00,76.40,16.50,27.40,365.00,13.60,24.60,16.10
93.10,36.50,9.31,349.00,38.90,11.50,19.30,355.00,8.58,12.60,23.50
18.30,4.10,14.50,149.00,25.00,18.90,39.60,355.00,4.74,17.50,67.30
63.20,22.70,10.80,106.00,36.50,57.30,93.10,1046.00,15.00,31.90,11.40
43.70,13.80,2.21,316.00,24.60,15.00,31.30,828.00,12.30,23.10,11.80
8.20,17.00,21.10,85.80,31.30,16.50,26.90,305.00,23.50,38.50,8.90
26.70,17.00,1.35,365.00,17.80,14.10,52.80,1700.00,10.30,20.70,13.90
50.50,28.10,49.10,60.40,41.80,31.60,51.90,1219.00,8.58,53.30,12.50
84.30,34.60,5.14,15.80,14.30,13.50,21.50,349.00,3.46,12.10,62.10
62.60,24.10,20.90,12.90,23.10,40.70,93.10,1794.00,4.18,12.60,93.10
63.80,21.70,15.40,39.20,8.90,100.00,233.00,2458.00,14.10,32.50,14.50
43.30,21.70,8.66,48.30,42.60,8.98,14.90,557.00,8.20,34.30,165.00
79.10,25.50,7.57,93.10,22.10,8.90,19.80,478.00,20.50,32.80,14.20
10.80,15.00,23.50,28.40,55.70,1.22,14.70,828.00,18.90,31.90,10.10
78.40,22.10,30.00,328.00,35.20,12.30,22.90,253.00,16.70,25.90,10.60
90.60,49.10,18.10,105.00,21.50,22.90,31.90,392.00,15.80,24.10,11.10
552.00,389.00,12.90,161.00,44.50,17.80,25.90,770.00,4.03,13.50,26.70
40.70,24.60,61.00,120.00,22.90,23.50,50.50,717.00,45.70,85.80,39.60
60.40,12.70,17.30,175.00,22.30,12.70,31.10,319.00,3.65,23.30,55.70
50.50,21.10,17.50,22.30,4.22,25.30,38.90,382.00,3.52,8.43,71.70
117.00,38.90,26.70,14.30,10.30,15.10,29.20,843.00,23.10,36.80,15.10
61.00,21.70,12.60,82.00,23.70,10.60,20.50,1346.00,21.70,36.20,16.40
92.20,42.20,14.50,32.20,37.20,4.00,17.00,334.00,11.40,29.20,70.40
11.00,9.31,7.43,126.00,24.10,15.50,26.20,594.00,18.90,44.10,22.70
170.00,86.60,29.70,179.00,47.00,29.20,43.30,331.00,4.18,23.90,93.90
54.20,21.90,11.70,229.00,36.50,36.20,127.00,939.00,16.80,40.00,14.90
18.10,23.50,40.70,91.40,53.80,14.70,28.40,552.00,4.96,41.40,292.00
34.90,21.70,41.40,215.00,83.50,7.23,17.60,538.00,27.60,57.30,20.40
179.00,164.00,15.80,45.70,11.90,17.50,30.00,730.00,17.20,25.90,17.90
83.50,48.70,34.00,107.00,67.90,17.60,31.10,316.00,2.05,15.00,71.70
89.00,31.60,54.20,79.90,26.90,4.00,58.80,523.00,5.47,21.70,54.70
58.80,37.90,5.67,22.30,11.20,34.90,63.80,1946.00,15.70,29.40,9.91
31.90,11.40,14.10,12.20,6.04,14.90,28.90,470.00,24.80,39.60,30.80
46.60,19.50,29.20,58.30,47.40,5.38,31.60,457.00,10.20,32.80,22.10
37.90,10.60,17.60,32.20,14.70,14.60,28.40,244.00,6.79,14.60,66.10
73.00,20.00,13.30,13.60,28.60,2.25,23.10,302.00,58.30,111.00,170.00
42.20,17.90,31.90,75.70,77.00,24.10,106.00,1794.00,15.40,49.60,200.00
87.40,57.30,24.80,110.00,40.70,24.40,27.40,359.00,12.00,20.40,6.98
41.00,17.00,21.10,244.00,70.40,10.40,16.80,470.00,19.60,38.50,19.60
50.90,35.20,22.10,22.90,3.19,3.96,12.40,115.00,32.20,49.60,18.80
10.80,19.30,17.80,29.40,26.90,5.19,10.80,698.00,4.74,10.10,69.80
77.70,48.70,20.70,21.70,18.60,11.00,33.10,400.00,13.50,22.70,14.60
74.30,30.50,22.10,35.50,50.90,126.00,276.00,1625.00,17.60,27.90,17.90
40.70,55.70,11.20,114.00,26.70,53.30,84.30,956.00,12.40,26.70,15.00
77.00,20.40,12.60,25.70,37.50,3.55,12.40,562.00,10.10,25.50,26.70
14.30,5.42,13.00,89.00,1.64,8.20,21.90,414.00,21.30,33.10,23.10
51.90,33.70,15.00,43.30,12.50,20.90,35.90,403.00,93.90,170.00,40.00
33.40,24.10,9.14,18.90,54.70,44.90,102.00,1334.00,28.90,69.20,47.00
75.00,46.60,2.84,457.00,37.20,6.55,19.80,389.00,20.00,31.10,11.50
1.61,11.40,34.30,31.30,7.04,49.60,81.30,791.00,8.51,30.80,155.00
53.30,21.50,6.44,253.00,23.10,9.47,26.20,334.00,3.40,27.60,79.10
85.10,32.20,16.80,32.50,64.40,3.02,27.90,207.00,26.40,38.90,11.80
50.90,28.60,25.30,56.70,38.20,29.40,60.40,717.00,9.73,19.30,14.70
25.90,22.90,33.40,93.90,26.70,5.57,14.90,615.00,16.10,33.70,17.50
85.80,62.10,53.30,325.00,239.00,12.90,24.60,403.00,10.60,14.30,12.20
94.70,37.50,72.30,96.50,33.10,25.50,46.60,588.00,4.70,17.20,28.40
40.00,18.40,24.40,63.80,35.20,6.15,16.40,81.30,15.50,27.60,15.70
77.00,46.10,35.20,90.60,41.00,16.10,25.90,396.00,2.00,76.40,14.30
28.60,22.50,40.70,204.00,66.10,20.00,29.20,239.00,1.32,36.20,1.79
92.20,56.20,15.30,19.10,12.70,9.14,9.39,322.00,11.10,20.00,18.90
14.60,11.00,8.35,175.00,32.20,8.35,25.90,965.00,23.90,35.20,5.19
54.20,17.90,19.80,22.10,18.80,27.10,41.80,319.00,10.90,23.90,13.20
29.70,18.90,3.43,14.70,23.50,2.76,9.65,276.00,1.95,79.10,4.87
31.10,23.90,1.00,843.00,82.80,16.40,30.20,474.00,8.06,21.70,6.61
75.00,21.10,39.20,33.40,2.23,18.10,28.40,302.00,19.50,36.80,12.60
42.90,23.10,4.14,200.00,16.70,19.10,45.30,1252.00,25.70,27.90,17.90
82.80,26.90,7.84,142.00,3.85,17.60,25.30,297.00,34.00,71.70,33.70
426.00,255.00,11.50,58.30,15.80,7.77,16.30,685.00,5.52,6.44,3.62
54.20,33.40,20.40,20.50,22.30,20.90,33.10,269.00,18.90,46.60,18.30
88.20,19.50,22.30,81.30,16.40,4.57,16.50,542.00,18.40,33.40,14.10
12.40,21.10,14.20,14.10,61.50,16.00,33.70,835.00,10.40,21.50,8.06
147.00,85.10,15.40,59.40,111.00,21.10,27.90,297.00,1.18,8.82,41.80
58.80,24.10,18.30,16.70,9.47,2.21,10.60,1.95,1.60,5.38,5.38
48.30,12.30,24.10,17.30,1.00,1.55,19.50,42.90,21.10,34.30,18.60
107.00,50.00,13.60,67.90,23.10,20.90,27.10,331.00,3.11,12.10,33.70
79.90,122.00,23.70,20.50,15.50,10.70,22.70,407.00,3.65,20.70,59.90
77.00,36.20,23.90,29.40,10.90,15.00,27.90,375.00,22.30,35.90,11.70
52.30,34.90,10.10,32.20,36.80,23.90,35.50,231.00,14.10,18.80,11.50
69.80,23.10,17.60,445.00,109.00,24.80,38.50,179.00,21.10,47.80,22.70
84.30,33.70,21.10,38.20,24.40,9.82,13.10,519.00,28.60,55.20,16.70
59.90,30.50,8.51,6.55,8.74,10.40,22.30,368.00,13.70,25.00,14.30
47.00,25.90,13.60,16.40,13.20,23.50,46.60,1241.00,18.40,35.20,22.90
74.30,16.50,53.30,47.80,50.90,22.30,37.50,461.00,22.10,49.10,14.20
8.28,19.30,18.90,161.00,35.50,26.20,44.10,191.00,17.60,38.20,20.90
66.10,53.80,11.10,20.50,26.90,5.19,15.70,573.00,8.90,11.40,38.50
47.00,23.10,18.60,28.10,18.40,11.30,30.00,743.00,28.40,47.80,19.30
23.50,27.40,2.44,122.00,15.00,18.10,28.40,294.00,3.82,19.50,155.00
12.30,6.38,7.37,111.00,18.60,3.11,18.80,496.00,14.20,34.00,13.50
15.80,10.50,12.60,18.90,14.20,17.50,32.50,316.00,31.10,46.60,19.60
21.10,25.30,11.40,109.00,22.30,20.20,31.90,385.00,17.20,29.40,11.70
12.70,10.20,11.50,130.00,28.60,20.00,25.70,359.00,6.21,29.40,27.10
15.00,13.20,26.20,28.10,13.50,11.20,44.10,2035.00,7.17,17.20,12.60
69.20,28.60,4.57,389.00,45.30,1.81,14.50,204.00,22.70,38.20,10.40
9.65,3.05,31.30,106.00,40.00,28.10,46.10,470.00,15.80,20.70,7.91
43.70,21.50,12.20,53.30,59.90,6.79,15.30,362.00,29.40,52.80,38.90
32.20,21.50,5.88,136.00,18.30,96.50,175.00,578.00,3.34,23.30,83.50
37.90,12.30,11.20,57.30,10.60,16.70,46.60,1611.00,15.30,39.20,23.10
48.30,33.70,15.70,11.30,28.10,7.50,32.50,1310.00,11.20,27.90,20.90
33.10,17.30,5.99,93.90,26.40,11.50,41.80,692.00,4.57,18.40,3.02
45.70,28.90,12.10,13.70,40.30,5.88,13.30,403.00,23.70,43.30,8.28
22.10,5.78,30.50,17.30,7.30,7.10,19.50,418.00,28.40,57.80,20.20
40.00,16.00,10.20,18.90,31.30,5.19,17.20,922.00,25.00,59.90,35.90
31.10,20.20,8.74,11.30,67.90,42.60,54.20,343.00,2.44,6.92,73.70
97.30,36.50,21.70,57.30,4.18,4.74,40.70,505.00,16.10,31.60,14.90
31.90,23.90,7.57,40.30,19.10,56.20,93.90,1625.00,10.70,18.40,10.30
38.20,13.90,30.80,211.00,92.20,14.10,17.50,547.00,17.50,39.60,16.70
51.40,25.70,7.91,23.30,24.10,7.04,14.90,470.00,42.60,58.30,2.97
56.20,19.80,9.14,17.20,10.60,16.80,71.70,1894.00,12.00,23.50,16.30
75.00,26.40,25.00,163.00,35.50,19.60,30.00,250.00,15.80,28.90,12.40
55.70,23.90,8.06,16.70,25.70,16.40,21.70,573.00,35.20,63.20,17.80
50.90,31.60,11.10,8.28,21.30,1.22,14.20,604.00,1.19,63.80,7.50
83.50,26.90,13.70,52.30,46.60,18.30,22.90,292.00,19.30,47.00,20.40
67.90,28.40,18.40,255.00,40.70,119.00,173.00,621.00,6.44,13.10,77.00
57.30,26.70,14.60,109.00,21.50,1.89,9.56,396.00,19.60,39.60,16.80
34.90,54.70,11.80,105.00,18.40,19.60,77.00,163.00,8.90,31.90,33.70
66.70,24.80,16.70,19.10,18.90,30.80,61.00,1252.00,18.80,36.50,25.90
39.60,45.30,21.30,110.00,38.50,10.10,30.50,685.00,18.80,34.60,22.30
47.40,27.90,7.04,25.70,39.60,5.00,16.70,319.00,10.30,27.10,5.78
40.70,22.30,14.90,38.50,7.04,6.38,29.70,19.60,32.20,64.90,51.90
52.30,25.00,15.30,29.40,9.31,17.60,17.90,316.00,15.40,41.00,146.00
18.90,15.00,10.60,172.00,21.50,21.90,28.40,372.00,1.39,50.00,6.32
41.00,23.10,20.90,11.80,8.90,21.30,37.20,784.00,3.19,21.90,65.50
47.00,33.70,22.90,33.70,20.70,18.60,35.50,267.00,12.90,34.60,13.70
33.10,19.30,9.39,18.40,33.10,27.60,30.20,407.00,9.56,16.00,9.91
20.20,15.50,8.20,150.00,40.30,16.30,33.40,331.00,3.65,11.50,83.50
75.00,32.20,24.60,20.50,16.00,21.30,25.50,284.00,27.60,47.80,30.20
25.00,10.70,9.73,27.10,15.40,11.00,19.10,302.00,3.13,18.40,71.00
5.57,13.00,14.60,112.00,32.80,16.40,27.40,528.00,2.21,24.10,69.20
21.50,9.73,14.50,91.40,17.80,2.71,16.80,552.00,6.10,19.30,6.92
53.30,22.50,17.60,15.50,9.91,21.30,34.30,313.00,23.10,38.90,16.70
59.90,26.90,20.40,196.00,69.80,18.60,49.60,947.00,4.57,18.80,133.00
54.20,23.30,9.22,26.70,49.10,17.50,33.40,478.00,10.90,25.00,5.28
90.60,38.90,15.70,33.40,16.70,25.70,34.60,359.00,3.34,19.30,97.30
73.00,30.20,44.90,349.00,130.00,13.80,22.90,359.00,11.00,29.70,114.00
38.90,14.90,24.10,82.80,17.20,21.50,21.50,271.00,13.60,31.90,14.70
21.50,12.70,27.60,53.30,53.30,25.30,44.90,325.00,19.30,25.30,9.65
64.90,46.60,26.20,21.90,14.10,24.10,31.10,375.00,12.10,27.10,7.99
27.10,18.10,15.70,40.70,16.10,21.30,39.60,264.00,15.80,28.90,11.10
57.80,27.40,6.61,14.70,18.10,28.10,32.50,349.00,10.30,26.70,9.73
39.20,13.20,35.20,26.40,59.40,45.30,72.30,813.00,12.10,27.60,10.20
40.70,24.80,15.80,6.67,45.30,13.70,30.50,461.00,15.00,22.10,48.70
31.60,17.50,8.90,196.00,20.50,6.61,13.20,365.00,17.50,23.10,20.50
88.20,39.60,27.90,89.80,35.90,6.21,24.10,698.00,40.70,73.70,45.70
99.10,53.30,17.20,101.00,26.70,38.50,70.40,552.00,2.48,7.91,89.00
91.40,18.30,21.50,28.40,4.66,29.20,55.20,588.00,29.40,77.00,200.00
50.00,28.10,12.30,117.00,16.30,27.60,40.00,223.00,5.94,24.40,103.00
47.00,30.20,22.30,37.50,18.30,2.11,14.10,23.90,2.21,22.70,80.60
53.80,22.10,15.80,11.40,10.80,11.70,34.90,193.00,3.34,14.50,77.00
32.20,17.60,16.40,88.20,37.20,9.56,22.50,557.00,16.10,31.10,18.40
66.70,44.10,14.50,15.40,8.13,15.40,34.00,392.00,22.70,37.90,17.90
40.30,14.60,12.20,64.40,20.70,19.10,29.20,382.00,22.10,36.20,17.80
14.30,8.43,11.20,15.40,55.20,9.47,33.40,1104.00,26.90,44.10,13.60
57.30,35.50,15.30,21.70,20.20,19.50,38.50,396.00,2.62,27.90,8.90
2.97,7.23,14.20,73.70,6.85,17.50,25.50,195.00,1.76,8.43,75.00
13.10,1.53,34.00,66.70,11.10,12.60,24.60,355.00,1.53,19.30,75.70
95.60,33.10,22.70,47.40,12.90,34.30,44.50,237.00,5.67,16.00,82.80
36.50,19.30,18.40,16.30,33.70,13.20,106.00,400.00,17.00,35.90,13.50
91.40,26.20,22.90,43.30,27.10,20.20,36.20,328.00,12.20,22.90,3.02
70.40,41.40,18.30,83.50,14.50,43.70,77.70,1219.00,11.90,22.70,15.80
73.70,29.40,27.10,188.00,74.30,13.20,32.20,259.00,20.90,35.90,9.14
142.00,107.00,45.70,138.00,75.00,26.40,45.70,403.00,14.60,21.70,11.90
34.00,13.30,33.70,271.00,71.00,4.41,39.20,982.00,20.70,28.90,9.65
82.80,35.20,25.50,92.20,64.40,7.99,26.90,632.00,14.50,25.00,11.80
53.80,23.90,14.10,70.40,4.07,9.22,10.50,334.00,6.04,12.90,75.70
62.60,43.30,26.70,170.00,28.40,3.75,10.60,389.00,11.20,18.90,10.90
42.60,22.70,14.30,204.00,33.70,56.20,87.40,578.00,5.62,22.30,102.00
25.90,11.70,23.70,32.20,24.10,16.70,42.90,483.00,4.18,19.30,40.30
50.50,32.20,42.20,47.40,28.40,27.40,46.10,470.00,5.28,13.20,36.20
8.66,5.38,8.28,102.00,15.40,19.50,18.10,407.00,11.20,28.10,163.00
31.90,22.10,20.90,145.00,26.20,12.70,20.70,334.00,15.70,35.20,12.00
31.90,22.50,15.70,32.50,26.90,7.43,25.90,655.00,17.90,44.10,14.70
43.30,21.70,21.70,16.00,22.50,2.81,12.30,757.00,8.35,26.40,13.00
56.20,34.90,25.90,6.21,1.00,19.60,37.90,352.00,1.00,3.82,5.14
47.80,34.90,13.50,21.70,13.90,9.56,19.10,483.00,1.55,25.30,87.40
14.30,22.30,10.00,31.60,29.40,5.52,21.90,334.00,14.20,26.40,10.30
31.60,23.50,31.30,14.50,14.10,10.30,16.80,478.00,5.09,12.10,50.50
58.80,19.10,19.60,100.00,19.80,9.65,45.70,939.00,2.09,13.90,61.00
34.00,20.20,16.00,37.90,16.30,16.30,25.00,264.00,11.00,27.40,36.80
37.90,32.80,31.60,131.00,16.40,44.90,73.70,308.00,1.63,21.50,95.60
31.60,21.70,26.70,51.40,18.60,14.70,49.60,1186.00,26.20,58.30,19.50
102.00,50.00,42.20,78.40,32.80,17.00,57.30,1114.00,6.32,18.10,101.00
25.30,14.50,28.90,65.50,37.90,47.40,66.10,264.00,18.30,35.90,5.14
14.70,44.90,29.20,276.00,76.40,45.70,65.50,403.00,27.10,49.60,21.10
41.40,20.70,12.10,18.30,14.90,7.84,21.50,1155.00,6.32,16.40,9.31
20.70,8.98,19.10,39.60,26.90,14.60,23.50,368.00,19.50,38.50,14.30
15.50,26.20,19.60,20.20,11.30,8.74,28.40,407.00,8.58,21.30,34.60
56.20,34.90,17.00,20.00,15.00,7.30,22.70,973.00,3.08,15.30,60.40
23.50,23.90,12.70,21.10,32.50,15.80,31.60,271.00,5.94,19.50,18.30
73.70,14.10,50.50,82.00,23.90,25.30,47.40,1134.00,20.20,23.10,8.90
55.20,20.70,21.70,27.40,12.50,14.50,41.40,1407.00,22.30,28.10,21.50
32.20,21.30,17.90,89.80,27.10,4.14,17.80,372.00,43.70,59.90,19.50
65.50,38.50,20.40,133.00,37.20,59.90,110.00,1358.00,2.74,13.90,98.20
28.60,47.40,17.80,66.70,27.90,12.40,20.20,414.00,16.70,31.10,11.20
28.90,16.50,20.20,23.70,4.14,4.70,18.90,7.43,1.68,91.40,3.55
25.50,15.80,13.70,300.00,42.90,16.00,27.40,284.00,19.50,34.90,20.50
37.20,25.30,17.50,82.00,24.60,7.77,16.80,426.00,16.50,26.70,6.79
79.90,28.60,2.67,300.00,40.30,29.20,52.80,626.00,7.70,25.70,189.00
43.30,15.50,1.06,202.00,24.60,20.20,30.50,379.00,12.10,24.60,16.30
36.20,20.70,23.90,20.00,11.00,10.60,21.30,453.00,4.00,9.91,54.70
77.70,40.00,18.90,22.70,14.20,10.90,39.20,362.00,4.07,21.50,136.00
89.00,24.40,37.20,35.50,10.80,9.73,11.30,337.00,12.50,25.90,8.13
114.00,26.70,9.47,124.00,24.40,13.00,20.50,284.00,3.40,13.90,1.00
63.80,22.10,5.78,8.74,14.20,17.60,31.30,362.00,5.83,21.90,34.90
37.20,11.10,23.50,100.00,26.70,15.70,73.70,519.00,30.50,82.80,19.10
75.00,44.50,24.10,11.80,20.70,6.67,14.50,422.00,24.80,35.20,6.61
68.50,21.90,12.70,95.60,32.20,8.51,15.80,343.00,25.70,56.70,21.50
23.10,12.10,25.30,36.50,17.00,14.10,29.40,392.00,15.70,26.40,16.50
55.20,32.80,16.30,16.40,25.70,24.10,49.10,806.00,6.32,11.70,54.70
12.60,8.06,4.91,19.50,69.80,8.28,23.50,542.00,11.00,29.70,89.80
102.00,79.90,15.40,17.00,5.23,5.33,11.10,422.00,7.57,42.20,149.00
79.90,28.90,25.70,24.60,10.40,24.10,29.70,274.00,10.30,16.10,67.90
83.50,31.10,22.50,67.30,28.60,12.00,25.30,178.00,33.10,66.10,34.90
80.60,40.70,16.80,14.20,4.10,20.20,33.40,239.00,3.96,7.17,82.00
58.30,46.10,19.60,153.00,18.60,4.57,1.70,113.00,106.00,153.00,34.30
61.00,27.90,32.80,52.80,11.20,12.90,30.50,271.00,12.20,19.30,9.47
50.90,15.00,16.50,17.50,5.42,44.10,82.80,1176.00,8.43,21.90,15.40
15.30,16.70,21.90,106.00,40.00,9.47,22.50,429.00,33.10,51.40,17.80
49.10,24.60,10.10,145.00,14.30,12.30,24.40,453.00,26.20,37.90,17.60
42.90,24.60,24.80,59.40,20.70,22.50,41.80,407.00,21.10,44.90,18.80
57.30,30.80,48.70,9.73,64.40,15.50,27.40,523.00,7.84,24.10,92.20
14.50,40.70,19.60,426.00,73.00,15.30,33.10,334.00,3.02,20.00,79.10
89.80,19.30,16.50,15.80,1.30,43.70,79.90,1731.00,12.10,24.60,8.74
58.80,17.60,24.80,179.00,61.50,17.30,69.20,717.00,2.04,30.50,86.60
139.00,110.00,23.50,496.00,84.30,20.70,40.70,410.00,20.20,40.00,19.30
36.50,18.40,3.25,9.73,38.90,4.22,13.00,241.00,16.30,36.50,20.90
18.80,19.50,25.90,322.00,51.90,10.50,23.10,365.00,3.79,10.90,73.70
35.90,15.10,10.80,85.80,21.30,10.10,23.70,414.00,21.90,53.80,27.10
36.80,19.60,22.30,106.00,27.10,11.50,21.50,294.00,2.02,11.10,86.60
62.60,27.60,77.00,53.80,16.00,7.77,14.10,331.00,18.60,39.60,12.90
52.80,28.40,16.30,108.00,44.90,16.40,30.80,213.00,18.90,32.20,19.50
51.90,24.40,23.30,124.00,41.00,10.80,20.70,331.00,27.90,61.00,32.80
8.43,19.80,18.90,139.00,49.60,15.70,26.70,294.00,1.00,101.00,6.21
37.20,16.70,14.70,81.30,13.30,9.39,24.80,328.00,24.80,41.40,32.80
69.20,37.20,21.30,40.00,21.50,13.60,28.10,359.00,12.20,26.40,59.40
24.60,16.00,23.70,392.00,113.00,16.80,29.20,355.00,12.00,47.00,191.00
42.90,20.50,18.40,64.90,42.90,4.03,11.10,400.00,29.20,37.90,15.40
84.30,18.60,17.20,25.00,9.56,5.99,13.00,311.00,21.90,36.80,13.70
48.30,36.80,28.90,36.20,12.70,29.70,44.10,257.00,16.30,27.40,10.80
31.10,12.60,3.96,13.20,47.00,27.40,41.00,346.00,2.53,12.50,82.80
37.50,31.10,22.10,27.90,27.90,18.80,37.20,573.00,1.88,33.10,54.70
27.60,20.20,14.50,122.00,26.90,8.35,12.10,418.00,19.60,35.90,22.50
37.90,13.70,6.32,12.70,48.30,54.20,78.40,1230.00,8.13,18.80,10.60
150.00,55.70,39.60,70.40,85.10,51.90,88.20,649.00,23.10,42.20,20.40
51.40,22.50,15.40,21.70,14.30,16.80,32.80,365.00,9.31,14.90,41.80
38.50,19.10,22.10,23.10,5.94,29.40,33.70,271.00,30.50,58.80,59.40
63.20,37.20,37.90,81.30,39.20,316.00,621.00,1472.00,18.10,30.80,9.73
26.90,19.80,25.00,20.00,7.10,13.10,30.20,851.00,5.94,30.00,239.00
26.90,14.70,8.90,85.80,8.58,9.39,19.80,505.00,20.50,39.20,25.70
61.00,17.30,32.50,34.90,26.70,20.70,126.00,150.00,12.50,52.80,264.00
51.90,23.50,37.20,54.70,2.50,22.50,37.20,300.00,33.70,55.20,38.20
34.60,14.50,17.00,100.00,15.80,22.10,26.70,204.00,23.30,48.70,47.80
97.30,28.40,30.50,44.90,12.50,15.50,26.40,267.00,7.84,54.70,343.00
6.26,21.10,1.00,137.00,4.29,6.15,15.50,1446.00,11.30,18.90,9.91
17.50,36.20,4.26,429.00,40.30,10.30,39.60,85.10,23.30,66.10,12.10
2.74,3.96,38.20,37.90,9.56,47.00,71.70,1144.00,25.90,50.50,113.00
48.30,28.60,26.70,84.30,29.70,5.67,16.50,491.00,5.38,38.50,121.00
53.80,38.50,20.00,14.20,9.73,8.06,15.80,407.00,17.20,26.40,19.30
62.10,20.70,14.70,14.50,8.13,9.31,24.80,414.00,3.49,33.70,204.00
61.50,26.20,4.96,92.20,24.80,18.40,20.00,599.00,11.50,18.40,6.55
62.60,37.50,61.00,155.00,21.70,12.90,14.10,375.00,23.10,47.00,26.20
103.00,37.90,10.60,47.00,8.98,17.00,32.80,255.00,2.69,44.50,1.95
40.70,9.39,23.10,18.60,2.44,6.44,19.50,331.00,8.58,20.00,7.99
107.00,27.90,11.00,141.00,31.90,14.20,27.40,337.00,11.20,24.60,10.40
106.00,55.20,18.40,16.50,10.40,19.10,30.00,286.00,4.26,15.70,71.70
41.00,28.40,20.70,13.80,17.30,15.70,90.60,991.00,26.70,43.30,23.50
18.90,11.00,14.20,8.66,34.60,153.00,239.00,704.00,32.50,41.40,13.90
35.20,23.50,25.50,22.30,4.03,9.47,12.90,331.00,13.60,36.20,10.10
39.60,17.30,13.80,111.00,51.40,12.20,18.10,400.00,2.15,93.90,3.37
17.00,6.73,7.23,55.70,8.20,3.59,29.20,649.00,19.50,39.60,7.37
92.20,31.30,9.82,36.20,88.20,5.88,12.10,382.00,8.06,20.50,7.30
25.50,18.90,16.70,28.90,4.83,8.43,13.60,661.00,15.80,37.90,18.40
63.80,28.60,20.50,19.30,6.98,20.90,26.70,382.00,11.10,22.70,30.00
22.50,44.50,12.70,157.00,12.10,22.70,27.10,445.00,17.90,40.00,12.70
38.90,14.30,18.90,167.00,36.50,5.23,5.19,519.00,15.70,24.60,23.50
20.50,6.79,17.80,164.00,47.80,13.20,20.50,547.00,15.10,35.20,12.90
89.80,40.70,21.90,16.00,24.10,23.30,51.90,1084.00,4.41,12.30,60.40
109.00,69.20,13.60,77.00,5.52,75.70,107.00,562.00,19.30,35.90,30.20
62.10,25.00,59.40,109.00,31.60,31.10,52.30,947.00,28.40,49.10,5.67
37.50,19.50,21.90,93.90,31.90,15.80,25.70,352.00,27.40,34.30,17.80
64.40,22.30,36.50,359.00,62.60,11.80,21.70,461.00,13.30,20.90,10.80
30.00,24.80,16.70,79.10,42.20,16.80,33.10,1346.00,12.00,30.50,16.80
35.20,16.10,36.80,47.40,10.50,10.30,14.30,1046.00,36.80,98.20,62.10
60.40,15.50,13.60,70.40,40.30,8.43,21.30,250.00,23.70,40.00,29.70
34.90,31.60,21.90,246.00,78.40,10.60,34.60,461.00,37.20,59.40,32.50
47.40,34.60,7.04,33.70,37.50,7.37,10.90,407.00,31.30,50.90,33.10
18.10,29.20,17.60,40.30,38.50,12.30,16.80,461.00,6.85,11.50,29.70
52.30,32.50,12.40,50.90,22.30,18.10,32.80,352.00,8.06,28.90,4.83
66.10,24.60,38.50,123.00,37.90,13.10,22.30,365.00,11.40,39.60,92.20
18.60,29.20,13.50,17.00,13.70,17.90,21.10,346.00,11.00,23.50,15.30
38.90,23.30,12.40,27.90,48.30,2.19,12.60,63.80,8.66,21.70,26.90
92.20,16.70,5.62,7.43,27.60,55.20,76.40,784.00,16.00,28.60,8.20
139.00,56.70,51.90,41.00,47.80,17.90,43.30,1155.00,11.40,31.10,34.30
92.20,36.50,3.75,113.00,17.60,24.80,32.20,319.00,3.85,18.10,23.50
78.40,30.50,19.30,89.80,33.40,4.22,31.90,813.00,1.58,18.80,54.70
23.90,23.70,28.40,30.00,7.43,16.80,33.70,223.00,4.26,41.80,136.00
92.20,30.80,20.20,21.50,6.10,26.90,51.90,1526.00,1.78,22.50,84.30
35.90,28.10,12.10,135.00,25.90,6.26,12.60,429.00,17.60,27.60,11.20
64.40,18.10,23.70,16.40,3.37,16.30,34.00,355.00,9.91,20.90,6.32
82.00,28.10,13.20,79.90,33.40,8.43,17.80,594.00,29.70,47.80,83.50
55.20,20.40,25.50,15.70,16.40,23.30,34.00,319.00,11.10,27.40,4.37
39.20,26.20,22.50,105.00,22.70,15.40,24.80,382.00,33.10,89.80,30.00
66.10,33.40,48.70,55.20,17.80,11.00,28.10,679.00,11.50,23.30,26.40
62.60,23.90,24.80,35.50,8.28,9.82,27.10,441.00,9.73,27.40,53.80
53.80,15.00,12.90,67.90,7.17,22.30,38.50,292.00,1.47,9.39,71.00
17.50,15.50,25.90,26.40,14.60,15.40,36.50,217.00,35.50,77.00,20.00
53.30,24.10,7.57,86.60,20.00,23.70,45.70,1027.00,10.70,20.70,10.20
33.10,17.00,9.82,26.70,44.10,15.80,25.30,583.00,17.80,39.60,21.50
71.70,25.90,24.80,104.00,37.50,20.50,35.50,308.00,23.30,46.10,31.60
29.40,16.70,18.90,95.60,34.60,13.60,22.50,322.00,24.10,34.30,12.90
62.10,24.40,8.43,7.50,15.50,8.43,21.30,429.00,24.60,37.50,24.10
48.70,20.70,15.70,77.70,23.50,12.30,36.80,679.00,1.00,85.10,9.47
50.90,18.40,49.60,52.80,23.50,8.90,18.10,491.00,18.40,39.20,12.50
13.00,4.37,11.90,41.00,17.90,7.23,31.10,1486.00,18.80,46.10,20.00
50.50,25.70,24.10,17.60,15.50,9.65,20.50,418.00,4.18,40.70,68.50
38.50,15.80,15.30,47.80,61.50,20.20,25.50,274.00,10.00,32.80,14.20
42.20,44.10,7.99,85.80,20.00,28.90,54.70,441.00,24.40,34.60,8.82
104.00,32.80,30.50,97.30,25.90,21.50,35.50,349.00,15.30,27.10,15.10
110.00,53.80,25.00,85.10,31.30,27.10,42.20,267.00,4.61,47.00,33.70
34.00,26.90,17.80,80.60,18.60,24.60,31.90,269.00,18.60,40.70,14.60
91.40,39.20,15.00,16.00,38.50,6.79,21.10,466.00,22.90,36.50,17.00
35.50,37.50,4.03,21.90,13.70,4.87,17.30,523.00,3.55,16.50,69.80
55.20,14.10,28.40,115.00,37.50,33.10,76.40,1346.00,14.50,26.90,9.22
37.50,16.40,18.60,41.00,5.19,2571.00,3555.00,4491.00,14.60,36.20,24.40
42.20,22.90,26.70,28.60,4.78,16.40,25.90,392.00,28.90,38.50,21.10
49.10,35.20,24.60,115.00,10.80,42.20,71.00,704.00,2.41,19.10,105.00
67.90,25.90,17.60,16.00,19.30,9.47,32.20,704.00,30.50,55.70,40.00
59.40,39.60,18.90,14.10,16.00,7.30,23.30,168.00,31.30,50.50,20.20
34.30,21.90,25.50,64.90,27.40,10.50,31.60,300.00,8.06,21.30,5.99
164.00,41.00,70.40,193.00,65.50,41.40,49.60,331.00,24.40,41.00,12.30
36.50,8.82,24.10,12.90,4.53,16.40,26.40,155.00,25.90,40.70,19.10
48.70,32.80,1.00,118.00,10.30,1.54,14.30,610.00,2.69,35.50,58.80
76.40,32.20,22.50,89.00,16.10,11.40,22.50,478.00,10.70,20.40,3.49
25.70,20.50,28.40,85.80,26.40,47.00,86.60,470.00,21.90,36.80,14.50
12.00,13.70,19.50,15.70,13.20,65.50,111.00,2091.00,1.00,98.20,4.74
112.00,18.80,19.10,41.00,6.38,10.90,30.00,441.00,16.50,27.90,15.00
82.00,55.70,26.90,96.50,13.30,5.42,12.50,449.00,5.99,15.80,1.00
47.00,18.10,16.30,26.40,8.98,19.30,36.20,528.00,30.50,40.70,10.90
59.90,21.70,26.20,79.10,20.50,19.60,31.10,250.00,20.70,26.40,12.40
31.10,12.20,3.82,25.90,33.10,6.73,9.56,343.00,39.60,80.60,39.20
37.50,20.00,3.89,7.57,14.30,20.90,39.20,302.00,10.80,28.10,7.57
55.70,16.80,49.60,37.20,18.30,16.00,24.60,297.00,19.10,33.10,31.10
8.43,17.80,27.90,103.00,35.50,8.51,19.60,289.00,11.10,28.60,16.30
59.40,18.80,13.00,33.40,44.50,24.60,55.70,1512.00,34.30,76.40,34.00
69.80,30.50,33.10,117.00,55.70,10.60,28.10,806.00,2.50,23.50,57.80
40.30,15.50,15.00,63.80,29.40,26.40,43.70,649.00,11.20,26.20,10.40
38.90,9.82,32.80,47.40,66.10,14.60,28.90,300.00,11.30,20.90,4.03
31.30,23.50,31.30,155.00,41.40,6.49,14.20,449.00,15.40,25.90,16.10
72.30,17.20,24.40,24.80,17.60,7.17,37.50,63.20,2.71,21.10,97.30
48.30,15.50,16.80,167.00,36.20,11.50,18.60,414.00,12.40,14.90,13.80
18.60,10.30,63.20,51.40,24.80,7.84,13.90,505.00,5.78,13.90,71.70
54.20,13.70,20.00,14.20,25.90,5.28,14.50,34.00,10.20,25.50,9.06
33.40,13.60,107.00,176.00,59.90,26.40,34.00,284.00,1.37,18.90,63.20
37.20,16.40,6.10,7.99,12.60,26.40,59.40,1208.00,14.50,22.10,2.27
43.30,16.40,17.60,24.60,7.30,22.50,25.00,319.00,4.10,24.10,5.33
64.90,32.20,7.99,34.30,3.79,3.65,12.20,119.00,21.10,36.80,22.90
78.40,38.20,11.70,149.00,21.90,17.50,32.50,286.00,24.40,45.70,34.60
38.20,13.50,18.60,30.20,12.70,10.80,20.50,375.00,4.57,40.70,79.10
20.50,15.00,13.90,135.00,34.90,2.71,27.60,638.00,18.60,38.20,13.90
54.20,46.10,24.60,19.60,22.10,18.60,37.50,346.00,24.10,42.60,32.50
45.30,18.80,16.40,30.80,4.37,18.30,32.20,316.00,8.20,23.30,24.60
41.00,21.30,16.10,20.40,10.10,71.70,132.00,599.00,37.90,54.70,22.30
46.10,27.90,13.90,17.00,15.50,17.50,39.60,311.00,8.66,24.40,1.64
22.30,20.90,6.61,33.10,9.56,6.61,14.90,505.00,12.70,29.40,12.20
14.20,12.30,18.10,73.70,28.40,6.61,13.60,322.00,2.79,8.82,39.20
47.80,30.20,14.60,83.50,58.80,9.22,39.60,737.00,28.60,42.20,22.10
33.70,11.10,23.90,17.80,8.13,9.65,21.50,519.00,43.70,89.00,22.90
72.30,26.20,4.03,19.50,46.10,4.57,17.20,655.00,12.60,27.90,18.40
50.90,22.70,17.50,118.00,24.40,21.70,32.20,319.00,7.43,24.40,66.70
126.00,58.80,167.00,331.00,118.00,9.22,22.50,183.00,4.49,25.90,95.60
35.20,17.20,26.70,59.40,13.20,4.83,43.70,777.00,34.30,45.30,16.30
26.40,16.00,17.50,18.40,11.70,8.43,17.30,441.00,8.43,25.70,107.00
69.80,44.50,16.40,188.00,34.90,42.90,66.70,1114.00,19.10,48.30,25.30
24.10,17.20,17.60,88.20,15.00,12.60,29.40,284.00,18.30,38.90,12.70
4.87,14.50,10.80,195.00,38.90,20.50,39.60,176.00,11.00,22.50,5.88
56.70,24.10,8.35,20.50,31.60,7.50,21.90,461.00,4.29,13.20,62.10
15.40,26.40,16.40,55.70,15.30,15.40,25.00,457.00,7.70,19.30,14.20
46.10,23.50,10.40,73.70,12.50,5.42,14.20,519.00,17.00,26.40,18.40
41.00,18.10,18.30,79.10,15.40,17.50,28.10,365.00,22.70,34.60,11.20
41.40,30.50,14.20,126.00,27.60,20.40,43.70,300.00,14.20,24.80,22.90
65.50,33.70,12.20,14.50,10.20,14.20,28.40,229.00,5.42,30.00,94.70
60.40,34.00,1.00,491.00,42.90,41.40,71.00,638.00,28.40,42.60,17.60
77.00,20.70,65.50,56.20,33.70,20.90,35.50,414.00,3.02,14.20,62.60
63.80,23.70,1.00,118.00,10.90,51.40,100.00,1334.00,22.90,54.70,17.80
104.00,38.20,28.10,27.60,86.60,14.30,23.50,474.00,24.80,27.60,9.73
70.40,38.90,36.50,62.10,19.30,24.40,42.20,349.00,4.03,10.90,18.80
77.70,79.10,24.10,21.30,17.00,14.90,25.30,279.00,18.80,42.20,20.70
78.40,28.60,16.50,150.00,53.30,12.40,26.20,496.00,33.40,74.30,29.70
19.80,36.50,21.10,28.10,14.30,18.60,39.60,274.00,27.10,38.20,6.61
56.20,26.90,20.50,21.50,10.70,24.40,37.90,316.00,3.89,14.70,77.00
322.00,231.00,15.00,441.00,63.20,46.60,72.30,269.00,51.90,92.20,79.10
46.60,21.30,17.50,56.70,35.90,46.10,75.00,359.00,25.90,39.60,16.40
33.40,20.50,24.80,18.80,20.00,18.80,45.30,743.00,14.90,26.20,14.20
93.10,33.40,12.60,77.70,26.70,31.90,40.70,294.00,28.40,66.10,41.80
111.00,49.10,15.70,11.90,25.30,12.70,25.30,259.00,3.43,12.30,62.60
33.40,17.00,30.80,47.00,64.40,3.62,18.40,437.00,27.40,35.50,20.00
33.10,28.90,26.70,22.90,4.66,18.90,41.80,509.00,13.30,21.30,11.40
50.00,15.70,34.00,59.40,85.80,15.40,29.40,449.00,13.10,34.90,73.00
52.80,20.70,18.80,20.40,13.20,1.29,8.58,334.00,20.70,38.20,17.60
90.60,33.40,14.20,21.50,63.20,17.30,34.90,372.00,11.70,17.00,12.70
86.60,15.80,20.70,104.00,19.50,21.10,31.90,229.00,7.43,38.20,89.00
40.30,22.50,16.10,20.20,23.70,7.99,20.50,578.00,22.70,43.30,11.40
18.80,10.30,29.20,262.00,61.50,36.50,52.30,305.00,23.10,36.20,15.10
13.70,13.90,19.80,20.90,16.10,4.74,15.80,63.20,33.10,36.80,2.13
60.40,83.50,17.50,16.50,7.91,5.67,18.80,35.90,1.10,19.10,51.90
70.40,23.70,1.72,400.00,47.80,10.80,29.40,523.00,46.10,90.60,59.40
27.90,3.62,19.50,25.30,16.40,24.10,39.60,334.00,6.92,15.70,127.00
47.80,31.30,15.00,106.00,30.50,23.10,29.20,253.00,1.65,28.60,55.20
29.40,25.90,26.40,35.50,6.15,21.30,41.40,626.00,23.30,52.80,29.20
86.60,24.40,18.60,17.80,12.60,91.40,173.00,858.00,9.73,20.00,16.70
126.00,105.00,23.50,64.40,36.20,7.10,18.40,422.00,16.80,25.70,18.40
54.20,26.90,15.40,13.50,3.11,18.40,35.50,319.00,10.60,23.30,15.10
34.60,13.80,9.56,200.00,25.30,8.28,17.00,542.00,9.31,10.60,34.00
62.10,22.30,16.00,24.10,22.10,11.20,38.50,649.00,8.74,19.30,17.00
60.40,22.10,27.60,21.90,10.10,5.47,20.20,939.00,18.40,48.70,168.00
84.30,23.10,18.40,61.00,21.30,6.79,32.20,723.00,9.82,28.40,14.10
43.30,22.10,10.80,106.00,16.10,7.04,13.20,757.00,5.05,10.70,41.40
66.10,28.40,30.80,198.00,30.00,10.10,27.60,426.00,18.10,31.10,10.60
25.50,13.20,22.30,12.70,32.50,7.91,31.30,385.00,15.50,30.00,84.30
32.80,12.60,12.30,17.80,48.30,28.90,51.40,799.00,10.60,17.30,7.50
19.50,49.60,6.10,16.10,28.10,17.30,31.60,649.00,20.90,44.90,16.80
46.60,22.10,17.60,27.10,15.40,62.60,99.10,2072.00,19.30,38.20,25.30
41.40,11.70,89.00,207.00,52.80,24.80,43.30,410.00,1.76,28.60,82.80
42.20,27.60,21.50,67.90,12.30,8.28,15.80,562.00,21.90,29.70,8.28
62.10,21.70,9.56,6.49,34.30,15.30,23.10,319.00,11.90,35.50,50.90
103.00,32.20,10.20,13.20,50.90,5.28,5.62,239.00,14.50,22.90,5.23
77.70,23.70,24.80,60.40,44.50,21.50,25.00,289.00,32.20,83.50,27.10
46.60,15.00,8.51,120.00,22.30,6.10,20.00,478.00,20.90,36.80,9.65
